State of Fatigue Post,Initial probability,Learned probability
much_better,0.02,0.01142857142857144
better,0.08,0.2171428571428571
similar,0.3,0.3857142857142857
worse,0.35,0.2428571428571429
much_worse,0.25,0.14285714285714288
